Souhaïb;AKROUCHI;AS12345;415223648;53248125;Straat 1;2;/;8511;Aalbeke;België;98.10.19-333.61;souhaib.akrouchi@student.hogent.be;ouders.souhaïb@telenet.be;1989;12;26;2015;6;1
Marc;ASSELBERG;AM12345;415223649;53248126;Straat 2;3;/;9300;Aalst;België;98.10.19-333.61;marc.asselberg@hogent.be;ouders.marc@telenet.be;1991;6;26;2015;7;1
Sander;BAELE;BS12345;415223650;53248127;Straat 3;4;/;3800;Aalst ;België;98.10.19-333.61;sander.baele@student.hogent.be;ouders.sander@telenet.be;1975;2;16;2014;2;4
Mathias;BAETENS;BM12345;415223651;53248128;Straat 4;5;/;9880;Aalter;België;98.10.19-333.61;mathias.baetens.y1740@student.hogent.be;ouders.mathias@telenet.be;2008;5;24;2013;9;28
Simon;BAEYENS;BS12345;415223652;53248129;Straat 5;6;/;3200;Aarschot;België;98.10.19-333.61;simon.baeyens.y0504@student.hogent.be;ouders.simon@telenet.be;1976;1;2;2007;1;21
Steven;BAUTERS;BS12345;415223653;53248130;Straat 6;7;/;8700;Aarsele;België;98.10.19-333.61;steven.bauters.y9115@student.hogent.be;ouders.steven@telenet.be;1986;10;12;2005;6;15
Maarten;BEECKMANS;BM12345;415223654;53248131;Straat 7;8;/;8211;Aartrijke;België;98.10.19-333.61;maarten.beeckmans@student.hogent.be;ouders.maarten@telenet.be;1970;8;26;2010;8;11
Laurens;BLANCQUAERT-CASSAER;BL12345;415223655;53248132;Straat 8;9;/;2630;Aartselaar;België;98.10.19-333.61;laurens.blancquaertcassaer@student.hogent.be;ouders.laurens@telenet.be;1987;7;22;2007;7;13
Arno;BOEL;BA12345;415223656;53248133;Straat 9;10;/;4557;Abée;België;98.10.19-333.61;arno.boel@student.hogent.be;ouders.arno@telenet.be;1994;5;9;2007;1;25
Guylian;BOLLON;BG12345;415223657;53248134;Straat 10;11;/;4280;Abolens;België;98.10.19-333.61;guylian.bollon.y2421@student.hogent.be;ouders.guylian@telenet.be;2007;8;28;2012;1;25
Stef;BONDROIT;BS12345;415223658;53248135;Straat 11;12;/;3930;Achel;België;98.10.19-333.61;stef.bondroit@student.hogent.be;ouders.stef@telenet.be;2001;5;19;2014;9;8
Robin;BOONE;BR12345;415223659;53248136;Straat 12;13;/;5590;Achêne;België;98.10.19-333.61;robin.boone.y3401@student.hogent.be;ouders.robin@telenet.be;1971;1;14;2011;10;5
Bob;BRACKE;BB12345;415223660;53248137;Straat 13;14;/;5362;Achet;België;98.10.19-333.61;bob.bracke@student.hogent.be;ouders.bob@telenet.be;1998;7;25;2014;10;12
Thijs;BRYON;BT12345;415223661;53248138;Straat 14;15;/;4219;Acosse;België;98.10.19-333.61;thijs.bryon@student.hogent.be;ouders.thijs@telenet.be;1973;8;4;2015;12;15
Nathan;CAMMERMAN;CN12345;415223662;53248139;Straat 15;16;/;6280;Acoz;België;98.10.19-333.61;nathan.cammerman@student.hogent.be;ouders.nathan@telenet.be;2008;6;19;2013;6;21
Joris;CLAEYS;CJ12345;415223663;53248140;Straat 16;17;/;9991;Adegem;België;98.10.19-333.61;joris.claeys.y3440@student.hogent.be;ouders.joris@telenet.be;1980;8;22;2009;8;13
Rik;CLAEYSSENS;CR12345;415223664;53248141;Straat 17;18;/;8660;Adinkerke;België;98.10.19-333.61;rik.claeyssens.y7780@student.hogent.be;ouders.rik@telenet.be;1982;9;7;2006;1;18
Femke;CORNETTE;CF12345;415223665;53248142;Straat 18;19;/;1790;Affligem;België;98.10.19-333.61;femke.cornette@hogent.be;ouders.femke@telenet.be;1998;8;21;2011;12;3
Arthur;COUCKE;CA12345;415223666;53248143;Straat 19;20;/;9051;Afsnee;België;98.10.19-333.61;arthur.coucke@student.hogent.be;ouders.arthur@telenet.be;2007;8;13;2010;1;16
Robbe;COUDENYS;CR12345;415223667;53248144;Straat 20;21;/;5544;Agimont;België;98.10.19-333.61;robbe.coudenys@student.hogent.be;ouders.robbe@telenet.be;1997;10;14;2016;9;9
Jens;CRUCKE;CJ12345;415223668;53248145;Straat 21;22;/;4317;Aineffe;België;98.10.19-333.61;jens.crucke@student.hogent.be;ouders.jens@telenet.be;2001;4;13;2010;2;17
Helmi;DAYYEH;DH12345;415223669;53248146;Straat 22;23;/;5310;Aische-en-Refail;België;98.10.19-333.61;helmi.dayyeh@student.hogent.be;ouders.helmi@telenet.be;2006;3;5;2009;2;25
Frederic;DE BACKER;DF12345;415223670;53248147;Straat 23;24;/;6250;Aiseau;België;98.10.19-333.61;frederic.debacker.y1231@student.hogent.be;ouders.frederic@telenet.be;1986;2;15;2009;4;18
Pieterjan;DE BIE;DP12345;415223671;53248148;Straat 24;25;/;6250;Aiseau-Presles;België;98.10.19-333.61;pieterjan.debie.y4535@student.hogent.be;ouders.pieterjan@telenet.be;1988;10;25;2015;2;21
Tijl;DE BLANDER;DT12345;415223672;53248149;Straat 25;26;/;5070;Aisemont;België;98.10.19-333.61;tijl.deblander@student.hogent.be;ouders.tijl@telenet.be;1979;5;15;2010;12;1
Bram;DE BLEECKER;DB12345;415223673;53248150;Straat 26;27;/;3570;Alken;België;98.10.19-333.61;bram.debleecker@student.hogent.be;ouders.bram@telenet.be;1993;8;21;2010;6;28
Maxime;DE BRAEKELEER;DM12345;415223674;53248151;Straat 27;28;/;5550;Alle;België;98.10.19-333.61;maxime.debraekeleer.y7196@student.hogent.be;ouders.maxime@telenet.be;1969;4;15;2006;8;11
Gautier;DE BRUIJNE;DG12345;415223675;53248152;Straat 28;29;/;4432;Alleur;België;98.10.19-333.61;gautier.debruijne.y7024@student.hogent.be;ouders.gautier@telenet.be;1996;6;18;2009;9;27
Johanna;DE BRUYCKER;DJ12345;415223676;53248153;Straat 29;30;/;1652;Alsemberg;België;98.10.19-333.61;johanna.debruycker@student.hogent.be;ouders.johanna@telenet.be;2010;12;4;2007;2;6
Quinten;DE BRUYNE;DQ12345;415223677;53248154;Straat 30;31;/;8690;Alveringem;België;98.10.19-333.61;quinten.debruyne.w2554@student.hogent.be;ouders.quinten@telenet.be;1980;12;3;2008;12;13
Kimberly;DE CLERCQ;DK12345;415223678;53248155;Straat 31;32;/;4540;Amay;België;98.10.19-333.61;kimberly.declercq@student.hogent.be;ouders.kimberly@telenet.be;2005;6;10;2008;8;16
Stefaan;DE COCK;DS12345;415223679;53248156;Straat 32;33;/;6680;Amberloup;België;98.10.19-333.61;Stefaan.DeCock@hogent.be;ouders.stefaan@telenet.be;1991;5;21;2007;3;20
Wannes;DE CRAENE;DW12345;415223680;53248157;Straat 33;34;/;6953;Ambly;België;98.10.19-333.61;wannes.decraene.y0550@student.hogent.be;ouders.wannes@telenet.be;1976;4;3;2015;8;26
Ruben;DE FREYNE;DR12345;415223681;53248158;Straat 34;35;/;4219;Ambresin;België;98.10.19-333.61;ruben.defreyne.y0592@student.hogent.be;ouders.ruben@telenet.be;1983;2;11;2008;2;24
Grietje;DE GRAEVE;DG12345;415223682;53248159;Straat 35;36;/;4770;Amel/Amblève;België;98.10.19-333.61;Grietje.DeGraeve@hogent.be;ouders.grietje@telenet.be;2008;3;10;2015;7;20
Jurgen;DE GROOTE;DJ12345;415223683;53248160;Straat 36;37;/;6997;Amonines;België;98.10.19-333.61;jurgen.degroote@student.hogent.be;ouders.jurgen@telenet.be;1996;3;9;2009;10;5
Paulien;DE PAUW;DP12345;415223684;53248161;Straat 37;38;/;7750;Amougies;België;98.10.19-333.61;paulien.depauw@student.hogent.be;ouders.paulien@telenet.be;1973;6;12;2008;10;15
Rob;DE PUTTER;DR12345;415223685;53248162;Straat 38;39;/;4540;Ampsin;België;98.10.19-333.61;rob.deputter@student.hogent.be;ouders.rob@telenet.be;1984;3;5;2014;1;11
Yordi;DE RIJCKE;DY12345;415223686;53248163;Straat 39;40;/;5300;Andenne;België;98.10.19-333.61;yordi.derijcke@student.hogent.be;ouders.yordi@telenet.be;1975;9;1;2010;4;9
Werner;DE SCHRYVER;DW12345;415223687;53248164;Straat 40;41;/;1070;Anderlecht;België;98.10.19-333.61;werner.deschryver@student.hogent.be;ouders.werner@telenet.be;1988;9;24;2013;9;17
Jasper;DE SMET;DJ12345;415223688;53248165;Straat 41;42;/;6150;Anderlues;België;98.10.19-333.61;jasper.desmet@student.hogent.be;ouders.jasper@telenet.be;2002;2;21;2011;2;11
Jonah;DE SMET;DJ12345;415223689;53248166;Straat 42;43;/;4821;Andrimont;België;98.10.19-333.61;jonah.desmet@student.hogent.be;ouders.jonah@telenet.be;1988;5;12;2008;5;5
Jordy;DE TIER;DJ12345;415223690;53248167;Straat 43;44;/;4031;Angleur;België;98.10.19-333.61;jordy.detier@student.hogent.be;ouders.jordy@telenet.be;2000;12;23;2013;11;12
Boris;DE TORCK;DB12345;415223691;53248168;Straat 44;45;/;7387;Angre;België;98.10.19-333.61;boris.detorck.y3443@student.hogent.be;ouders.boris@telenet.be;1999;9;12;2015;2;9
Olivier;DE VRIESE;DO12345;415223692;53248169;Straat 45;46;/;7387;Angreau;België;98.10.19-333.61;olivier.devriese@student.hogent.be;ouders.olivier@telenet.be;1996;6;21;2005;5;12
Luna;DE VUYST;DL12345;415223693;53248170;Straat 46;47;/;5537;Anhée;België;98.10.19-333.61;luna.devuyst@student.hogent.be;ouders.luna@telenet.be;1979;10;9;2015;3;22
Sven;DE VUYST;DS12345;415223694;53248171;Straat 47;48;/;6721;Anlier;België;98.10.19-333.61;sven.devuyst.y7522@student.hogent.be;ouders.sven@telenet.be;1976;5;9;2015;9;21
Sander;DE WANDELEER;DS12345;415223695;53248172;Straat 48;49;/;6890;Anloy;België;98.10.19-333.61;sander.dewandeleer@student.hogent.be;ouders.sander@telenet.be;2008;12;23;2009;8;13
Yasmine;DE WINNE;DY12345;415223696;53248173;Straat 49;50;/;5537;Annevoie-Rouillon;België;98.10.19-333.61;yasmine.dewinne@student.hogent.be;ouders.yasmine@telenet.be;1969;9;10;2012;2;5
Emiel;DECLERCQ;DE12345;415223697;53248174;Straat 50;51;/;4430;Ans;België;98.10.19-333.61;emiel.declercq@student.hogent.be;ouders.emiel@telenet.be;2010;3;15;2007;4;27
Pablo;DECOCK;DP12345;415223698;53248175;Straat 51;52;/;5500;Anseremme;België;98.10.19-333.61;pablo.decock@hogent.be;ouders.pablo@telenet.be;2006;10;18;2006;3;13
Robbe;DECORTE;DR12345;415223699;53248176;Straat 52;53;/;7750;Anseroeul;België;98.10.19-333.61;robbe.decorte@student.hogent.be;ouders.robbe@telenet.be;1994;5;1;2010;5;7
Robbe;DEKIEN;DR12345;415223700;53248177;Straat 53;54;/;5520;Anthée;België;98.10.19-333.61;robbe.dekien@student.hogent.be;ouders.robbe@telenet.be;1969;5;7;2007;5;23
Nicolas;DELPLANQUE;DN12345;415223701;53248178;Straat 54;55;/;4520;Antheit;België;98.10.19-333.61;nicolas.delplanque.y0995@student.hogent.be;ouders.nicolas@telenet.be;1991;3;11;2010;9;2
Bernard;DEPLOIGE;DB12345;415223702;53248179;Straat 55;56;/;4160;Anthisnes;België;98.10.19-333.61;bernard.deploige@student.hogent.be;ouders.bernard@telenet.be;1972;8;28;2014;3;11
Jarne;DESCHACHT;DJ12345;415223703;53248180;Straat 56;57;/;7640;Antoing;België;98.10.19-333.61;jarne.deschacht@student.hogent.be;ouders.jarne@telenet.be;1997;1;23;2012;1;21
Matthias;DESIMPELE;DM12345;415223704;53248181;Straat 57;58;/;2000;Antwerpen;België;98.10.19-333.61;matthias.desimpele.y9169@student.hogent.be;ouders.matthias@telenet.be;1979;11;3;2014;5;26
Jelle;DESTOOP;DJ12345;415223705;53248182;Straat 58;59;/;2018;Antwerpen;België;98.10.19-333.61;jelle.destoop@student.hogent.be;ouders.jelle@telenet.be;1985;8;23;2008;7;24
Cedric;DETEMMERMAN;DC12345;415223706;53248183;Straat 59;60;/;2020;Antwerpen;België;98.10.19-333.61;cedric.detemmerman.w3482@student.hogent.be;ouders.cedric@telenet.be;1976;7;27;2014;7;26
Jochen;DEWACHTER;DJ12345;415223707;53248184;Straat 60;61;/;2030;Antwerpen;België;98.10.19-333.61;jochen.dewachter@student.hogent.be;ouders.jochen@telenet.be;1969;4;15;2013;11;13
Milan;DEWILDE;DM12345;415223708;53248185;Straat 61;62;/;2040;Antwerpen;België;98.10.19-333.61;milan.dewilde.y0849@student.hogent.be;ouders.milan@telenet.be;1979;4;9;2006;10;14
Thibault;DEWITTE;DT12345;415223709;53248186;Straat 62;63;/;2050;Antwerpen;België;98.10.19-333.61;thibault.dewitte@student.hogent.be;ouders.thibault@telenet.be;1969;6;25;2010;10;18
Cem;DHONDT;DC12345;415223710;53248187;Straat 63;64;/;2060;Antwerpen;België;98.10.19-333.61;cem.dhondt@hogent.be;ouders.cem@telenet.be;1998;8;12;2008;8;19
Kevin;DROESSAERT;DK12345;415223711;53248188;Straat 64;65;/;7910;Anvaing;België;98.10.19-333.61;kevin.droessaert@student.hogent.be;ouders.kevin@telenet.be;2002;7;26;2016;2;13
Kato;DUWéE;DK12345;415223712;53248189;Straat 65;66;/;8570;Anzegem;België;98.10.19-333.61;kato.duwee@student.hogent.be;ouders.kato@telenet.be;1980;6;16;2010;11;2
Burcu;ERGüNES;EB12345;415223713;53248190;Straat 66;67;/;9200;Appels;België;98.10.19-333.61;burcu.ergunes@hogent.be;ouders.burcu@telenet.be;2008;12;14;2009;7;10
Katrien;ERMENS;EK12345;415223714;53248191;Straat 67;68;/;9400;Appelterre-Eichem;België;98.10.19-333.61;katrien.ermens@hogent.be;ouders.katrien@telenet.be;1998;5;11;2012;1;9
Gaëthan;FERETTE;FG12345;415223715;53248192;Straat 68;69;/;5170;Arbre ;België;98.10.19-333.61;gaethan.ferette.y0604@student.hogent.be;ouders.gaëthan@telenet.be;1979;1;20;2014;10;19
Alihan;FEVZIEV;FA12345;415223716;53248193;Straat 69;70;1;7811;Arbre ;België;98.10.19-333.61;alihan.fevziev@student.hogent.be;ouders.alihan@telenet.be;2006;7;21;2009;3;11
Michiel;FRANçOIS;FM12345;415223717;53248194;Straat 70;71;2;4990;Arbrefontaine;België;98.10.19-333.61;michiel.francois@student.hogent.be;ouders.michiel@telenet.be;1991;1;7;2015;7;16
Tim;GELDOF;GT12345;415223718;53248195;Straat 71;72;3;7910;Arc-Ainières;België;98.10.19-333.61;tim.geldof.y3488@student.hogent.be;ouders.tim@telenet.be;1987;3;2;2014;12;3
Laurens;GHEKIERE;GL12345;415223719;53248196;Straat 72;73;4;1390;Archennes;België;98.10.19-333.61;laurens.ghekiere@student.hogent.be;ouders.laurens@telenet.be;2006;10;8;2009;1;11
Bram;GOEDVRIEND;GB12345;415223720;53248197;Straat 73;74;5;7910;Arc-Wattripont;België;98.10.19-333.61;bram.goedvriend@student.hogent.be;ouders.bram@telenet.be;1982;1;22;2006;9;8
Levi;GOESSENS;GL12345;415223721;53248198;Straat 74;75;6;8850;Ardooie;België;98.10.19-333.61;levi.goessens.y9369@student.hogent.be;ouders.levi@telenet.be;1989;12;3;2010;2;16
Robin;GOESSEYE;GR12345;415223722;53248199;Straat 75;76;7;2370;Arendonk;België;98.10.19-333.61;robin.goesseye@student.hogent.be;ouders.robin@telenet.be;1968;9;2;2010;4;24
Brent;GOUBERT;GB12345;415223723;53248200;Straat 76;77;8;4601;Argenteau;België;98.10.19-333.61;brent.goubert@student.hogent.be;ouders.brent@telenet.be;1988;8;15;2015;5;11
Reeven;GOVAERT;GR12345;415223724;53248201;Straat 77;78;9;6700;Arlon;België;98.10.19-333.61;reeven.govaert@student.hogent.be;ouders.reeven@telenet.be;1988;2;24;2016;5;1
Ruben;GRILLAERT;GR12345;415223725;53248202;Straat 78;79;10;7181;Arquennes;België;98.10.19-333.61;ruben.grillaert.y1033@student.hogent.be;ouders.ruben@telenet.be;1971;4;4;2008;11;21
Mick;HARDEMAN;HM12345;415223726;53248203;Straat 79;80;11;5060;Arsimont;België;98.10.19-333.61;mick.hardeman@student.hogent.be;ouders.mick@telenet.be;1996;1;20;2013;3;10
Willem;HENDRICKX;HW12345;415223727;53248204;Straat 80;81;12;6870;Arville;België;98.10.19-333.61;willem.hendrickx@student.hogent.be;ouders.willem@telenet.be;1972;9;8;2015;11;16
Rob;HEYVAERT;HR12345;415223728;53248205;Straat 81;82;13;3665;As;België;98.10.19-333.61;rob.heyvaert@student.hogent.be;ouders.rob@telenet.be;1997;4;9;2013;10;13
Veerle;HOFMAN;HV12345;415223729;53248206;Straat 82;83;14;9404;Aspelare;België;98.10.19-333.61;Veerle.Hofman@hogent.be;ouders.veerle@telenet.be;1983;2;7;2006;8;14
Nelson;HOREMANS;HN12345;415223730;53248207;Straat 83;84;15;9890;Asper;België;98.10.19-333.61;nelson.horemans.y7577@student.hogent.be;ouders.nelson@telenet.be;1985;4;21;2008;4;26
Piet;JACOBS;JP12345;415223731;53248208;Straat 84;85;16;7040;Asquillies;België;98.10.19-333.61;piet.jacobs@student.hogent.be;ouders.piet@telenet.be;1981;8;27;2007;7;18
Bavo;JANSSENS;JB12345;415223732;53248209;Straat 85;86;17;1730;Asse;België;98.10.19-333.61;bavo.janssens@student.hogent.be;ouders.bavo@telenet.be;1976;11;21;2013;4;8
Manon;JOLY;JM12345;415223733;53248210;Straat 86;87;18;8310;Assebroek;België;98.10.19-333.61;manon.joly@student.hogent.be;ouders.manon@telenet.be;2001;5;22;2006;9;15
Edward;KERCKHOF;KE12345;415223734;53248211;Straat 87;88;19;9960;Assenede;België;98.10.19-333.61;edward.kerckhof@student.hogent.be;ouders.edward@telenet.be;1979;2;28;2007;6;6
Mehmet;KöSE;KM12345;415223735;53248212;Straat 88;89;20;6860;Assenois;België;98.10.19-333.61;mehmet.kose.w6017@student.hogent.be;ouders.mehmet@telenet.be;2002;3;23;2013;5;23
Berkant;KüçüKSOLAK;KB12345;415223736;53248213;Straat 89;90;21;3460;Assent;België;98.10.19-333.61;berkant.kucuksolak@student.hogent.be;ouders.berkant@telenet.be;1992;11;22;2012;12;24
Steve;KUSTERS;KS12345;415223737;53248214;Straat 90;91;22;5330;Assesse;België;98.10.19-333.61;steve.kusters@student.hogent.be;ouders.steve@telenet.be;1997;8;20;2016;10;11
Florian;LANDUYT;LF12345;415223738;53248215;Straat 91;92;23;9800;Astene;België;98.10.19-333.61;florian.landuyt.y2414@student.hogent.be;ouders.florian@telenet.be;1979;4;23;2013;2;26
Willem;LAPAGE;LW12345;415223739;53248216;Straat 92;93;24;7800;Ath;België;98.10.19-333.61;willem.lapage@student.hogent.be;ouders.willem@telenet.be;2009;5;21;2010;12;12
Jakob;LIERMAN;LJ12345;415223740;53248217;Straat 93;94;25;7387;Athis;België;98.10.19-333.61;jakob.lierman.y9252@student.hogent.be;ouders.jakob@telenet.be;1977;5;10;2011;3;27
Jef;MALFLIET;MJ12345;415223741;53248218;Straat 94;95;26;6791;Athus;België;98.10.19-333.61;jef.malfliet@student.hogent.be;ouders.jef@telenet.be;1995;8;19;2010;8;5
Marlies;MARIëN;MM12345;415223742;53248219;Straat 95;96;27;3404;Attenhoven;België;98.10.19-333.61;marlies.marien@student.hogent.be;ouders.marlies@telenet.be;1975;3;15;2015;5;7
Lukas;MARIVOET;ML12345;415223743;53248220;Straat 96;97;28;3384;Attenrode;België;98.10.19-333.61;lukas.marivoet@student.hogent.be;ouders.lukas@telenet.be;1975;9;28;2006;10;13
Tijs;MARTENS;MT12345;415223744;53248221;Straat 97;98;29;6717;Attert;België;98.10.19-333.61;tijs.martens@student.hogent.be;ouders.tijs@telenet.be;2001;4;18;2013;5;11
Thomas;MELKEBEKE;MT12345;415223745;53248222;Straat 98;99;30;7941;Attre;België;98.10.19-333.61;thomas.melkebeke.y9935@student.hogent.be;ouders.thomas@telenet.be;1994;4;9;2012;8;23
Santi;MEREMANS;MS12345;415223746;53248223;Straat 99;100;31;6790;Aubange;België;98.10.19-333.61;santi.meremans@student.hogent.be;ouders.santi@telenet.be;1981;9;2;2013;3;28
Andries;MEYERS;MA12345;415223747;53248224;Straat 100;101;32;7972;Aubechies;België;98.10.19-333.61;andries.meyers.y2712@student.hogent.be;ouders.andries@telenet.be;2001;2;6;2010;6;1
Joppe;MINJAUW;MJ12345;415223748;53248225;Straat 101;102;33;4880;Aubel;België;98.10.19-333.61;joppe.minjauw@student.hogent.be;ouders.joppe@telenet.be;1986;9;22;2013;2;3
Sebastiaan;MOONS;MS12345;415223749;53248226;Straat 102;103;34;5660;Aublain;België;98.10.19-333.61;sebastiaan.moons@student.hogent.be;ouders.sebastiaan@telenet.be;1995;7;15;2005;10;27
Ruben;MOREELS;MR12345;415223750;53248227;Straat 103;104;35;6880;Auby-sur-Semois;België;98.10.19-333.61;ruben.moreels.y1809@student.hogent.be;ouders.ruben@telenet.be;1990;12;21;2005;8;26
Jarni;NAUDTS;NJ12345;415223751;53248228;Straat 104;105;36;7382;Audregnies;België;98.10.19-333.61;jarni.naudts.w9970@student.hogent.be;ouders.jarni@telenet.be;1978;12;13;2012;11;20
Milad;NAZARI;NM12345;415223752;53248229;Straat 105;106;37;7040;Aulnois;België;98.10.19-333.61;milad.nazari@student.hogent.be;ouders.milad@telenet.be;1992;2;24;2013;11;27
Yannick;OLIVIER;OY12345;415223753;53248230;Straat 106;107;38;6706;Autelbas;België;98.10.19-333.61;yannick.olivier@student.hogent.be;ouders.yannick@telenet.be;2010;8;5;2012;11;9
Bono;OPALFVENS;OB12345;415223754;53248231;Straat 107;108;39;1367;Autre-Eglise;België;98.10.19-333.61;bono.opalfvens@student.hogent.be;ouders.bono@telenet.be;1988;6;6;2006;4;14
Robin;OPHALVENS;OR12345;415223755;53248232;Straat 108;109;40;7387;Autreppe;België;98.10.19-333.61;robin.ophalvens@student.hogent.be;ouders.robin@telenet.be;2001;10;4;2006;9;9
Wouter;OPSOMMER;OW12345;415223756;53248233;Straat 109;110;41;5060;Auvelais;België;98.10.19-333.61;wouter.opsommer@student.hogent.be;ouders.wouter@telenet.be;2009;7;5;2009;12;20
Eva;OTTENBOURGS;OE12345;415223757;53248234;Straat 110;111;42;5580;Ave-et-Auffe;België;98.10.19-333.61;eva.ottenbourgs@student.hogent.be;ouders.eva@telenet.be;1975;11;17;2012;11;6
Pieter;PAELINCK;PP12345;415223758;53248235;Straat 111;112;43;8630;Avekapelle;België;98.10.19-333.61;pieter.paelinck.y3320@student.hogent.be;ouders.pieter@telenet.be;1992;7;27;2016;12;23
Robin;PEERLINCK;PR12345;415223759;53248236;Straat 112;113;44;8580;Avelgem;België;98.10.19-333.61;robin.peerlinck@student.hogent.be;ouders.robin@telenet.be;1975;4;25;2007;10;24
Jordi;PERREMAN;PJ12345;415223760;53248237;Straat 113;114;45;4260;Avennes;België;98.10.19-333.61;jordi.perreman@student.hogent.be;ouders.jordi@telenet.be;1984;10;7;2010;8;7
Mout;PESSEMIER;PM12345;415223761;53248238;Straat 114;115;46;3271;Averbode;België;98.10.19-333.61;mout.pessemier@student.hogent.be;ouders.mout@telenet.be;2009;8;15;2005;7;26
Jonathan;PLOVIE;PJ12345;415223762;53248239;Straat 115;116;47;4280;Avernas-le-Bauduin;België;98.10.19-333.61;jonathan.plovie@student.hogent.be;ouders.jonathan@telenet.be;1977;8;26;2016;11;4
Miriam;PLUGGE;PM12345;415223763;53248240;Straat 116;117;48;4280;Avin;België;98.10.19-333.61;miriam.plugge.w2770@student.hogent.be;ouders.miriam@telenet.be;1999;9;1;2007;10;16
Thomas;POLLET;PT12345;415223764;53248241;Straat 117;118;49;4340;Awans;België;98.10.19-333.61;thomas.pollet@hogent.be;ouders.thomas@telenet.be;1985;2;23;2013;4;28
Stef;PUIMèGE;PS12345;415223765;53248242;Straat 118;119;50;6870;Awenne;België;98.10.19-333.61;stef.puimege.y1508@student.hogent.be;ouders.stef@telenet.be;1969;7;27;2006;4;1
Ismael;RABHIOUI;RI12345;415223766;53248243;Straat 119;120;51;4400;Awirs;België;98.10.19-333.61;ismael.rabhioui.y4653@student.hogent.be;ouders.ismael@telenet.be;1990;11;22;2013;10;25
Erin;REYSKENS;RE12345;415223767;53248244;Straat 120;121;52;6900;Aye;België;98.10.19-333.61;erin.reyskens.y2769@student.hogent.be;ouders.erin@telenet.be;1997;10;5;2012;7;12
Yngvar;SAMYN;SY12345;415223768;53248245;Straat 121;122;53;4630;Ayeneux;België;98.10.19-333.61;yngvar.samyn.y9568@student.hogent.be;ouders.yngvar@telenet.be;1998;5;24;2015;6;19
Keelan;SAVAT;SK12345;415223769;53248246;Straat 122;123;54;4920;Aywaille;België;98.10.19-333.61;keelan.savat.y2036@student.hogent.be;ouders.keelan@telenet.be;1991;1;2;2015;12;14
Lowie;SCHEIRLINCKX;SL12345;415223770;53248247;Straat 123;124;55;9890;Baaigem;België;98.10.19-333.61;lowie.scheirlinckx@student.hogent.be;ouders.lowie@telenet.be;2005;11;17;2010;9;21
Michiel;SCHOOFS;SM12345;415223771;53248248;Straat 124;125;56;3128;Baal;België;98.10.19-333.61;michiel.schoofs@student.hogent.be;ouders.michiel@telenet.be;2000;5;8;2011;4;17
Thomas;SCHUDDINCK;ST12345;415223772;53248249;Straat 125;126;57;9310;Baardegem;België;98.10.19-333.61;thomas.schuddinck.y3378@student.hogent.be;ouders.thomas@telenet.be;1985;7;11;2012;6;13
Wannes;SERGEANT;SW12345;415223773;53248250;Straat 126;127;58;2387;Baarle-Hertog;België;98.10.19-333.61;wannes.sergeant@student.hogent.be;ouders.wannes@telenet.be;1979;8;11;2015;8;7
Abdullah;SERTKAYA;SA12345;415223774;53248251;Straat 127;128;59;9200;Baasrode;België;98.10.19-333.61;abdullah.sertkaya@student.hogent.be;ouders.abdullah@telenet.be;1980;10;26;2014;12;7
Sofie;SERU;SS12345;415223775;53248252;Straat 128;129;60;9800;Bachte-Maria-Leerne;België;98.10.19-333.61;sofie.seru@student.hogent.be;ouders.sofie@telenet.be;1977;8;6;2014;5;3
Chris;SOBERON;SC12345;415223776;53248253;Straat 129;130;61;4837;Baelen ;België;98.10.19-333.61;chris.soberon.w5916@student.hogent.be;ouders.chris@telenet.be;1995;6;26;2013;6;17
Joachim;SOETINCK;SJ12345;415223777;53248254;Straat 130;131;62;5550;Bagimont;België;98.10.19-333.61;joachim.soetinck@student.hogent.be;ouders.joachim@telenet.be;1971;10;8;2008;4;16
Jonas;SPITAELS;SJ12345;415223778;53248255;Straat 131;132;63;6464;Baileux;België;98.10.19-333.61;jonas.spitaels@student.hogent.be;ouders.jonas@telenet.be;2007;5;10;2012;4;10
Victor;STANDAERT;SV12345;415223779;53248256;Straat 132;133;64;6460;Bailièvre;België;98.10.19-333.61;victor.standaert@student.hogent.be;ouders.victor@telenet.be;1994;2;3;2005;12;5
Lukas;STEEMAN;SL12345;415223780;53248257;Straat 133;134;65;5555;Baillamont;België;98.10.19-333.61;lukas.steeman@student.hogent.be;ouders.lukas@telenet.be;2001;8;24;2014;2;12
Dylano;STEENHUYZEN;SD12345;415223781;53248258;Straat 134;135;66;7730;Bailleul;België;98.10.19-333.61;dylano.steenhuyzen.y4659@student.hogent.be;ouders.dylano@telenet.be;1987;8;20;2008;10;7
Ruben;SZEKéR;SR12345;415223782;53248259;Straat 135;136;67;5377;Baillonville;België;98.10.19-333.61;ruben.szeker@student.hogent.be;ouders.ruben@telenet.be;1982;1;4;2016;3;23
Olivier;TROCH;TO12345;415223783;53248260;Straat 136;137;68;7380;Baisieux;België;98.10.19-333.61;olivier.troch.w2257@student.hogent.be;ouders.olivier@telenet.be;1991;11;24;2011;5;21
Johan;TRYPSTEEN;TJ12345;415223784;53248261;Straat 137;138;69;1470;Baisy-Thy;België;98.10.19-333.61;Johan.Trypsteen@hogent.be;ouders.johan@telenet.be;1977;5;27;2015;2;14
Martine;VAN AUDENRODE;VM12345;415223785;53248262;Straat 138;139;70;5190;Balâtre;België;98.10.19-333.61;Martine.VanAudenrode@hogent.be;ouders.martine@telenet.be;1988;3;23;2008;7;28
Joachim;VAN BELLE;VJ12345;415223786;53248263;Straat 139;140;71;9860;Balegem;België;98.10.19-333.61;joachim.vanbelle@student.hogent.be;ouders.joachim@telenet.be;1987;4;3;2006;1;14
Indy;VAN CANEGEM;VI12345;415223787;53248264;Straat 140;141;72;2490;Balen;België;98.10.19-333.61;indy.vancanegem@student.hogent.be;ouders.indy@telenet.be;2010;1;24;2012;1;22
Owen;VAN DAMME;VO12345;415223788;53248265;Straat 141;142;73;9420;Bambrugge;België;98.10.19-333.61;owen.vandamme.y2405@student.hogent.be;ouders.owen@telenet.be;1983;11;22;2008;4;26
Dean;VAN DAMME;VD12345;415223789;53248266;Straat 142;143;74;6951;Bande;België;98.10.19-333.61;dean.vandamme.y9427@student.hogent.be;ouders.dean@telenet.be;1982;3;27;2006;3;11
Cedric;VAN DAMME;VC12345;415223790;53248267;Straat 143;144;75;6500;Barbençon;België;98.10.19-333.61;cedric.vandamme.y4555@student.hogent.be;ouders.cedric@telenet.be;1986;3;1;2006;5;27
Jari;VAN DE CAPPELLE;VJ12345;415223791;53248268;Straat 144;145;76;4671;Barchon;België;98.10.19-333.61;jari.vandecappelle@student.hogent.be;ouders.jari@telenet.be;1972;3;20;2006;12;4
Joachim;VAN DE KEERE;VJ12345;415223792;53248269;Straat 145;146;77;5570;Baronville;België;98.10.19-333.61;joachim.vandekeere.y1952@student.hogent.be;ouders.joachim@telenet.be;1983;12;11;2006;4;20
Stijn;VAN DE MOORTELE;VS12345;415223793;53248270;Straat 146;147;78;7534;Barry;België;98.10.19-333.61;stijn.vandemoortele@student.hogent.be;ouders.stijn@telenet.be;2008;1;14;2012;10;18
Matthias;VAN DE VELDE;VM12345;415223794;53248271;Straat 147;148;79;5370;Barvaux-Condroz;België;98.10.19-333.61;matthias.vandevelde.y3431@student.hogent.be;ouders.matthias@telenet.be;2003;4;27;2014;12;27
Shauni;VAN DE VELDE;VS12345;415223795;53248272;Straat 148;149;80;6940;Barvaux-sur-Ourthe;België;98.10.19-333.61;shauni.vandevelde@student.hogent.be;ouders.shauni@telenet.be;1984;12;3;2006;2;17
Ruben;VAN DE VELDE;VR12345;415223796;53248273;Straat 149;150;81;7971;Basècles;België;98.10.19-333.61;ruben.vandevelde@student.hogent.be;ouders.ruben@telenet.be;1984;3;25;2009;2;13
Robin;VAN DE WALLE;VR12345;415223797;53248274;Straat 150;151;82;4520;Bas-Oha;België;98.10.19-333.61;robin.vandewalle.y4643@student.hogent.be;ouders.robin@telenet.be;2004;4;1;2014;7;6
Isaias;VAN DEN BROECK;VI12345;415223798;53248275;Straat 151;152;83;4983;Basse-Bodeux;België;98.10.19-333.61;isaias.vandenbroeck@student.hogent.be;ouders.isaias@telenet.be;1986;11;11;2006;11;7
Thomas;VAN DEN HAUWE;VT12345;415223799;53248276;Straat 152;153;84;4690;Bassenge;België;98.10.19-333.61;thomas.vandenhauwe.v7877@student.hogent.be;ouders.thomas@telenet.be;1969;12;28;2007;2;2
Jordi;VAN DER POTEN;VJ12345;415223800;53248277;Straat 153;154;85;9968;Bassevelde;België;98.10.19-333.61;jordi.vanderpoten@student.hogent.be;ouders.jordi@telenet.be;1977;4;3;2016;8;19
Hans;VAN DER STAAK;VH12345;415223801;53248278;Straat 154;155;86;7830;Bassilly;België;98.10.19-333.61;hans.vanderstaak@student.hogent.be;ouders.hans@telenet.be;1973;10;2;2015;10;8
Bert;VAN EECKHOUTTE;VB12345;415223802;53248279;Straat 155;156;87;6600;Bastogne;België;98.10.19-333.61;bert.vaneeckhoutte@student.hogent.be;ouders.bert@telenet.be;2000;3;15;2008;11;28
Tiel;VAN HECKE;VT12345;415223803;53248280;Straat 156;157;88;7784;Bas-Warneton/Neerwaasten;België;98.10.19-333.61;tiel.vanhecke.y2357@student.hogent.be;ouders.tiel@telenet.be;1969;1;5;2010;8;28
Karel;VAN HECKE;VK12345;415223804;53248281;Straat 157;158;89;3870;Batsheers;België;98.10.19-333.61;karel.vanhecke.y1280@student.hogent.be;ouders.karel@telenet.be;1989;7;7;2006;12;3
Jens;VAN LIEFFERINGE;VJ12345;415223805;53248282;Straat 158;159;90;4651;Battice;België;98.10.19-333.61;jens.vanliefferinge.y4556@student.hogent.be;ouders.jens@telenet.be;1991;2;27;2007;11;20
Lieven;VAN LOO;VL12345;415223806;53248283;Straat 159;160;91;7130;Battignies;België;98.10.19-333.61;lieven.vanloo@student.hogent.be;ouders.lieven@telenet.be;1971;5;4;2014;6;7
Arno;VAN NIEUWENHOVE;VA12345;415223807;53248284;Straat 160;161;92;7331;Baudour;België;98.10.19-333.61;arno.vannieuwenhove@student.hogent.be;ouders.arno@telenet.be;1981;2;18;2015;12;20
Shawn;VAN RANST;VS12345;415223808;53248285;Straat 161;162;93;7870;Bauffe;België;98.10.19-333.61;shawn.vanranst.y7348@student.hogent.be;ouders.shawn@telenet.be;2008;2;5;2007;4;12
Lotte;VAN STEENBERGHE;VL12345;415223809;53248286;Straat 162;163;94;7604;Baugnies;België;98.10.19-333.61;lotte.vansteenberghe@hogent.be;ouders.lotte@telenet.be;1995;11;26;2015;5;26
Daan;VAN VOOREN;VD12345;415223810;53248287;Straat 163;164;95;1401;Baulers;België;98.10.19-333.61;daan.vanvooren.y1502@student.hogent.be;ouders.daan@telenet.be;1979;8;21;2016;12;23
Niels;VAN VOOREN;VN12345;415223811;53248288;Straat 164;165;96;9520;Bavegem;België;98.10.19-333.61;niels.vanvooren@student.hogent.be;ouders.niels@telenet.be;1998;3;21;2011;10;11
Maxim;VAN WALLEGHEM;VM12345;415223812;53248289;Straat 165;166;97;8531;Bavikhove;België;98.10.19-333.61;maxim.vanwalleghem@student.hogent.be;ouders.maxim@telenet.be;2001;2;28;2006;8;24
Jonas;VANDEGEHUCHTE;VJ12345;415223813;53248290;Straat 166;167;98;9150;Bazel;België;98.10.19-333.61;jonas.vandegehuchte.y7330@student.hogent.be;ouders.jonas@telenet.be;1973;3;8;2014;6;20
Lars;VANDENBERGHE;VL12345;415223814;53248291;Straat 167;168;99;4052;Beaufays;België;98.10.19-333.61;lars.vandenberghe@student.hogent.be;ouders.lars@telenet.be;1977;12;9;2016;12;15
Sander;VANDENBRUWAENE;VS12345;415223815;53248292;Straat 168;169;100;6500;Beaumont;België;98.10.19-333.61;sander.vandenbruwaene@student.hogent.be;ouders.sander@telenet.be;2006;12;14;2016;4;2
Yves;VANDENDOOREN;VY12345;415223816;53248293;Straat 169;170;101;5570;Beauraing;België;98.10.19-333.61;yves.vandendooren.y0172@student.hogent.be;ouders.yves@telenet.be;1978;1;24;2013;5;6
Tybo;VANDERSTRAETEN;VT12345;415223817;53248294;Straat 170;171;102;6980;Beausaint;België;98.10.19-333.61;tybo.vanderstraeten@student.hogent.be;ouders.tybo@telenet.be;1969;9;5;2005;1;18
Vincent;VANDEWYER;VV12345;415223818;53248295;Straat 171;172;103;1320;Beauvechain;België;98.10.19-333.61;vincent.vandewyer@student.hogent.be;ouders.vincent@telenet.be;1985;10;16;2005;6;16
Simon;VANHAVERBEKE;VS12345;415223819;53248296;Straat 172;173;104;8630;Beauvoorde;België;98.10.19-333.61;simon.vanhaverbeke@student.hogent.be;ouders.simon@telenet.be;1975;12;21;2013;5;8
Tibo;VANHERCKE;VT12345;415223820;53248297;Straat 173;174;105;6594;Beauwelz;België;98.10.19-333.61;tibo.vanhercke@student.hogent.be;ouders.tibo@telenet.be;1972;7;5;2005;4;27
Jasper;VANHOVE;VJ12345;415223821;53248298;Straat 174;175;106;7532;Beclers;België;98.10.19-333.61;jasper.vanhove.w0417@student.hogent.be;ouders.jasper@telenet.be;2007;2;9;2009;12;3
Robin;VANLUCHENE;VR12345;415223822;53248299;Straat 175;176;107;3960;Beek;België;98.10.19-333.61;robin.vanluchene@student.hogent.be;ouders.robin@telenet.be;1972;6;8;2016;9;3
Fé;VANMANSHOVEN;VF12345;415223823;53248300;Straat 176;177;108;9630;Beerlegem;België;98.10.19-333.61;fe.vanmanshoven.y2999@student.hogent.be;ouders.fé@telenet.be;1995;2;9;2015;7;7
Bram;VANOVERBEKE;VB12345;415223824;53248301;Straat 177;178;109;8730;Beernem;België;98.10.19-333.61;bram.vanoverbeke@student.hogent.be;ouders.bram@telenet.be;1985;5;9;2016;8;14
Shauni;VANSTEYVOORT;VS12345;415223825;53248302;Straat 178;179;110;2340;Beerse;België;98.10.19-333.61;shauni.vansteyvoort@student.hogent.be;ouders.shauni@telenet.be;2001;2;18;2014;9;9
Flor;VELLE;VF12345;415223826;53248303;Straat 179;180;111;1650;Beersel;België;98.10.19-333.61;flor.velle.w0270@student.hogent.be;ouders.flor@telenet.be;1981;11;4;2011;10;16
Daan;VERHELST;VD12345;415223827;53248304;Straat 180;181;112;8600;Beerst;België;98.10.19-333.61;daan.verhelst@student.hogent.be;ouders.daan@telenet.be;1973;9;20;2012;12;6
Stef;VERLINDE;VS12345;415223828;53248305;Straat 181;182;113;1673;Beert;België;98.10.19-333.61;stef.verlinde@student.hogent.be;ouders.stef@telenet.be;1977;4;20;2012;5;5
Julian;VERMEIREN;VJ12345;415223829;53248306;Straat 182;183;114;9080;Beervelde;België;98.10.19-333.61;julian.vermeiren.y7268@student.hogent.be;ouders.julian@telenet.be;1997;8;6;2013;2;13
Kelvin;VERMEULEN;VK12345;415223830;53248307;Straat 183;184;115;2580;Beerzel;België;98.10.19-333.61;kelvin.vermeulen.y1119@student.hogent.be;ouders.kelvin@telenet.be;1993;7;28;2006;10;28
Lucas;VERMEULEN;VL12345;415223831;53248308;Straat 184;185;116;5000;Beez;België;98.10.19-333.61;lucas.vermeulen@student.hogent.be;ouders.lucas@telenet.be;1990;11;5;2015;10;5
Nante;VERMEULEN;VN12345;415223832;53248309;Straat 185;186;117;6987;Beffe;België;98.10.19-333.61;nante.vermeulen@student.hogent.be;ouders.nante@telenet.be;1981;3;1;2012;11;17
Bert;VERSCHAEVE;VB12345;415223833;53248310;Straat 186;187;118;3130;Begijnendijk;België;98.10.19-333.61;bert.verschaeve@student.hogent.be;ouders.bert@telenet.be;1979;10;27;2011;9;28
Ferre;VERSTICHELEN;VF12345;415223834;53248311;Straat 187;188;119;6672;Beho;België;98.10.19-333.61;ferre.verstichelen@student.hogent.be;ouders.ferre@telenet.be;1994;2;15;2011;3;19
Renaud;VERSTRAETEN;VR12345;415223835;53248312;Straat 188;189;120;1852;Beigem;België;98.10.19-333.61;renaud.verstraeten@student.hogent.be;ouders.renaud@telenet.be;2006;4;16;2006;8;26
Timothy;WILLIAME;WT12345;415223836;53248313;Straat 189;190;121;8480;Bekegem;België;98.10.19-333.61;timothy.williame.y6980@student.hogent.be;ouders.timothy@telenet.be;2003;1;1;2012;7;11
Sebastien;WOJTYLA;WS12345;415223837;53248314;Straat 190;191;122;1730;Bekkerzeel;België;98.10.19-333.61;sebastien.wojtyla.y3274@student.hogent.be;ouders.sebastien@telenet.be;1997;8;7;2015;4;14
Waut;WYFFELS;WW12345;415223838;53248315;Straat 191;192;123;3460;Bekkevoort;België;98.10.19-333.61;waut.wyffels@student.hogent.be;ouders.waut@telenet.be;2004;2;28;2005;4;9
Guust;YSEBIE;YG12345;415223839;53248316;Straat 192;193;124;5001;Belgrade;België;98.10.19-333.61;guust.ysebie.w2083@student.hogent.be;ouders.guust@telenet.be;1980;12;4;2014;9;19
